{
  "1": {
    "tipo": "swing",
    "amp": 85.0,
    "sobe": 0.3,
    "segura": 1.3000000000000003,
    "ganho": 0.00000000000000002,
    "zona_morta": 54,
    "limite": 80.0,
    "vida": 1.0,
    "prev": 0.0
  },
  "2": {
    "tipo": "swing",
    "amp": 65.0,
    "sobe": 0.49999999999999983,
    "segura": 2.000000000000001,
    "ganho": 0.00000000000000002,
    "zona_morta": 54,
    "limite": 80.0,
    "vida": 1.0,
    "prev": 0.0
  },
  "3": {
    "tipo": "single",
    "amp": 80.0,
    "sobe": 0.2999999999999999,
    "segura": 2.5000000000000013,
    "ganho": 0.00000000000000002,
    "zona_morta": 54,
    "limite": 80.0,
    "vida": 0.0,
    "prev": 0.0
  }
}